<?xml version="1.0" encoding="UTF-8" ?>
<!DOCTYPE mapper PUBLIC "-//mybatis.org//DTD Mapper 3.0//EN" "http://mybatis.org/dtd/mybatis-3-mapper.dtd" >
<mapper namespace="cuc.waimai.mapper.OrdersMapper" >
  <resultMap id="BaseResultMap" type="cuc.waimai.Dao.Orders" >
    <id column="order_id" property="orderId" jdbcType="INTEGER" />
    <result column="user_id" property="userId" jdbcType="INTEGER" />
    <result column="shop_id" property="shopId" jdbcType="INTEGER" />
    <result column="horseman_id" property="horsemanId" jdbcType="INTEGER" />
    <result column="account" property="account" jdbcType="CHAR" />
    <result column="payment" property="payment" jdbcType="VARCHAR" />
    <result column="status" property="status" jdbcType="VARCHAR" />
    <result column="order_time" property="orderTime" jdbcType="TIMESTAMP" />
    <result column="arrive_time" property="arriveTime" jdbcType="TIMESTAMP" />
    <result column="order_number" property="orderNumber" jdbcType="DOUBLE" />
  </resultMap>
  <delete id="deleteByPrimaryKey" parameterType="java.lang.Integer" >
    delete from orders
    where order_id = #{orderId,jdbcType=INTEGER}
  </delete>
  <insert id="insert" parameterType="cuc.waimai.Dao.Orders" >
    insert into orders (order_id, user_id, shop_id, 
      horseman_id, account, payment, 
      status, order_time, arrive_time, 
      order_number)
    values (#{orderId,jdbcType=INTEGER}, #{userId,jdbcType=INTEGER}, #{shopId,jdbcType=INTEGER}, 
      #{horsemanId,jdbcType=INTEGER}, #{account,jdbcType=CHAR}, #{payment,jdbcType=VARCHAR}, 
      #{status,jdbcType=VARCHAR}, #{orderTime,jdbcType=TIMESTAMP}, #{arriveTime,jdbcType=TIMESTAMP}, 
      #{orderNumber,jdbcType=DOUBLE})
  </insert>
  <update id="updateByPrimaryKey" parameterType="cuc.waimai.Dao.Orders" >
    update orders
    set user_id = #{userId,jdbcType=INTEGER},
      shop_id = #{shopId,jdbcType=INTEGER},
      horseman_id = #{horsemanId,jdbcType=INTEGER},
      account = #{account,jdbcType=CHAR},
      payment = #{payment,jdbcType=VARCHAR},
      status = #{status,jdbcType=VARCHAR},
      order_time = #{orderTime,jdbcType=TIMESTAMP},
      arrive_time = #{arriveTime,jdbcType=TIMESTAMP},
      order_number = #{orderNumber,jdbcType=DOUBLE}
    where order_id = #{orderId,jdbcType=INTEGER}
  </update>
  <select id="selectByPrimaryKey" resultMap="BaseResultMap" parameterType="java.lang.Integer" >
    select order_id, user_id, shop_id, horseman_id, account, payment, status, order_time, 
    arrive_time, order_number
    from orders
    where order_id = #{orderId,jdbcType=INTEGER}
  </select>
  <select id="selectAll" resultMap="BaseResultMap" >
    select order_id, user_id, shop_id, horseman_id, account, payment, status, order_time, 
    arrive_time, order_number
    from orders
  </select>
</mapper>