<?xml version="1.0" encoding="UTF-8" ?>
<!DOCTYPE mapper PUBLIC "-//mybatis.org//DTD Mapper 3.0//EN" "http://mybatis.org/dtd/mybatis-3-mapper.dtd" >
<mapper namespace="cuc.waimai.mapper.ProvinceMapper" >
  <resultMap id="BaseResultMap" type="cuc.waimai.Dao.Province" >
    <id column="province_id" property="provinceId" jdbcType="INTEGER" />
    <result column="province_name" property="provinceName" jdbcType="VARCHAR" />
  </resultMap>
  <delete id="deleteByPrimaryKey" parameterType="java.lang.Integer" >
    delete from province
    where province_id = #{provinceId,jdbcType=INTEGER}
  </delete>
  <insert id="insert" parameterType="cuc.waimai.Dao.Province" >
    insert into province (province_id, province_name)
    values (#{provinceId,jdbcType=INTEGER}, #{provinceName,jdbcType=VARCHAR})
  </insert>
  <update id="updateByPrimaryKey" parameterType="cuc.waimai.Dao.Province" >
    update province
    set province_name = #{provinceName,jdbcType=VARCHAR}
    where province_id = #{provinceId,jdbcType=INTEGER}
  </update>
  <select id="selectByPrimaryKey" resultMap="BaseResultMap" parameterType="java.lang.Integer" >
    select province_id, province_name
    from province
    where province_id = #{provinceId,jdbcType=INTEGER}
  </select>
  <select id="selectAll" resultMap="BaseResultMap" >
    select province_id, province_name
    from province
  </select>
</mapper>