<?xml version="1.0" encoding="UTF-8" ?>
<!DOCTYPE mapper PUBLIC "-//mybatis.org//DTD Mapper 3.0//EN" "http://mybatis.org/dtd/mybatis-3-mapper.dtd" >
<mapper namespace="cuc.waimai.mapper.ShopShopTypeMapper" >
  <resultMap id="BaseResultMap" type="cuc.waimai.Dao.ShopShopType" >
    <id column="shop_shoptype_id" property="shopShoptypeId" jdbcType="INTEGER" />
    <result column="shop_id" property="shopId" jdbcType="INTEGER" />
    <result column="shoptype_id" property="shoptypeId" jdbcType="INTEGER" />
  </resultMap>
  <delete id="deleteByPrimaryKey" parameterType="java.lang.Integer" >
    delete from shop_shop_type
    where shop_shoptype_id = #{shopShoptypeId,jdbcType=INTEGER}
  </delete>
  <insert id="insert" parameterType="cuc.waimai.Dao.ShopShopType" >
    insert into shop_shop_type (shop_shoptype_id, shop_id, shoptype_id
      )
    values (#{shopShoptypeId,jdbcType=INTEGER}, #{shopId,jdbcType=INTEGER}, #{shoptypeId,jdbcType=INTEGER}
      )
  </insert>
  <update id="updateByPrimaryKey" parameterType="cuc.waimai.Dao.ShopShopType" >
    update shop_shop_type
    set shop_id = #{shopId,jdbcType=INTEGER},
      shoptype_id = #{shoptypeId,jdbcType=INTEGER}
    where shop_shoptype_id = #{shopShoptypeId,jdbcType=INTEGER}
  </update>
  <select id="selectByPrimaryKey" resultMap="BaseResultMap" parameterType="java.lang.Integer" >
    select shop_shoptype_id, shop_id, shoptype_id
    from shop_shop_type
    where shop_shoptype_id = #{shopShoptypeId,jdbcType=INTEGER}
  </select>
  <select id="selectAll" resultMap="BaseResultMap" >
    select shop_shoptype_id, shop_id, shoptype_id
    from shop_shop_type
  </select>
</mapper>