<?xml version="1.0" encoding="UTF-8" ?>
<!DOCTYPE mapper PUBLIC "-//mybatis.org//DTD Mapper 3.0//EN" "http://mybatis.org/dtd/mybatis-3-mapper.dtd" >
<mapper namespace="cuc.waimai.mapper.ShopCategoryMapper" >
  <resultMap id="BaseResultMap" type="cuc.waimai.Dao.ShopCategory" >
    <id column="shop_category_id" property="shopCategoryId" jdbcType="INTEGER" />
    <result column="shop_id" property="shopId" jdbcType="INTEGER" />
    <result column="category_id" property="categoryId" jdbcType="INTEGER" />
  </resultMap>
  <delete id="deleteByPrimaryKey" parameterType="java.lang.Integer" >
    delete from shop_category
    where shop_category_id = #{shopCategoryId,jdbcType=INTEGER}
  </delete>
  <insert id="insert" parameterType="cuc.waimai.Dao.ShopCategory" >
    insert into shop_category (shop_category_id, shop_id, category_id
      )
    values (#{shopCategoryId,jdbcType=INTEGER}, #{shopId,jdbcType=INTEGER}, #{categoryId,jdbcType=INTEGER}
      )
  </insert>
  <update id="updateByPrimaryKey" parameterType="cuc.waimai.Dao.ShopCategory" >
    update shop_category
    set shop_id = #{shopId,jdbcType=INTEGER},
      category_id = #{categoryId,jdbcType=INTEGER}
    where shop_category_id = #{shopCategoryId,jdbcType=INTEGER}
  </update>
  <select id="selectByPrimaryKey" resultMap="BaseResultMap" parameterType="java.lang.Integer" >
    select shop_category_id, shop_id, category_id
    from shop_category
    where shop_category_id = #{shopCategoryId,jdbcType=INTEGER}
  </select>
  <select id="selectAll" resultMap="BaseResultMap" >
    select shop_category_id, shop_id, category_id
    from shop_category
  </select>
</mapper>